feature,importance
has_sql_comment,0.07583329832791445
single_quote_count,0.05312514830491768
has_quote,0.04543263286551578
encoded_character_count,0.04273085656618608
logical_operator_count,0.040624241652208154
tfidf_ id=,0.03868394440419214
tfidf_ id=1,0.03835304320326755
percent_encoded_count,0.03816813777554681
whitespace_count,0.0379388254507166
tfidf_ id,0.0313614434400832
tfidf_d=1',0.018931971880675167
dash_count,0.01827512579588636
tfidf_=1',0.015141266346810239
tfidf_sele,0.013717359754064401
tfidf_sel,0.013537942616770405
nested_select_count,0.013445082824420859
tfidf_d=1,0.01334496966368791
tfidf_id=1',0.012054100287478872
tfidf_mit,0.010206326753051116
keyword_or,0.009709288164107337
tfidf_and,0.009643191627968714
url_length,0.009469527556179585
tfidf_1' ,0.009456743556653954
query_length,0.009211500926649996
tfidf_selec,0.008863990220617042
tfidf_id=1,0.008781811969955746
tfidf_elect,0.008258740973960649
tfidf_%27,0.008027736739161436
tfidf_elec,0.007627261461128605
tfidf_1%2,0.007593924603124902
tfidf_ect,0.007340838774759937
tfidf_d=id,0.007149346251105716
tfidf_ id=i,0.006748913459320312
tfidf_=id%3,0.006581795824170414
tfidf_=id,0.006405130047023768
tfidf_sub,0.006201799564005156
tfidf_d1%,0.006128361728234005
tfidf_lec,0.006078844318088064
parenthesis_count,0.005833446685195361
asterisk_count,0.005815497125978368
tfidf_=1' ,0.005790441819385051
tfidf_3d1%,0.00577559738058057
tfidf_ubmit,0.005535465803328013
tfidf_or ,0.005358357642729212
tfidf_id=,0.00534269946653863
tfidf_%3d1%,0.005223553528162147
tfidf_d=i,0.004976747420260738
tfidf_27%,0.0049546779228086145
equal_count,0.004773876948448601
tfidf_d=1' ,0.004770029263999153
tfidf_id=i,0.004631638034829619
tfidf_ele,0.004621639144408849
tfidf_it=,0.004407836985477475
tfidf_id=id,0.004325538753013017
tfidf_%27%,0.004214464084857774
tfidf_&sub,0.004204730983830568
tfidf_lect,0.004188890843611765
tfidf_d=id%,0.003944768571226126
tfidf_mit=,0.0039317083652583296
tfidf_1%27,0.003908546232680436
tfidf_me=,0.0038188146286187337
slash_count,0.003722378469070629
comparison_count,0.0036883348213890468
tfidf_bmit,0.00350452611281884
tfidf_-- ,0.0034468774263149275
tfidf_ubmi,0.0034454917015071407
comma_count,0.003430013495086227
tfidf_=id%,0.0032062543131426043
tfidf_&subm,0.0031077127856351384
tfidf_d%3d1,0.0030774545789040734
tfidf_3d1%2,0.0028290437911716107
tfidf_d1%2,0.002826117483773218
plus_count,0.002794733887422047
tfidf_ame=,0.002752274866818293
tfidf_mit ,0.002741300312958246
has_tautology,0.002631249648787222
tfidf_ or,0.002499650146707503
tfidf_ or ,0.0024974769768414725
tfidf_it=su,0.0024027591568063916
tfidf_submi,0.0023995961142488005
keyword_and,0.0023414870109299555
tfidf_login,0.002265600839176564
tfidf_and ,0.0022530659652972213
tfidf_nio,0.002135100506047121
tfidf_%26,0.002129900417523954
tfidf_name,0.002105020054281452
tfidf_t=s,0.0020784886020573505
tfidf_bmi,0.002020812303178945
tfidf_%3d,0.0020200283019891877
tfidf_ion,0.002006280167624678
keyword_select,0.0019801708511704066
tfidf_t=su,0.0019396296472637552
tfidf_erna,0.0018528761654362793
tfidf_ubm,0.0018123727975695382
tfidf_subm,0.0016948748197737353
tfidf_nam,0.0016047710307813313
tfidf_name=,0.001530633795802917
tfidf_1=1,0.0015253738395755718
tfidf_27%2,0.0015076642183268524
tfidf_=sub,0.0014614987604928162
tfidf_3d%,0.0013600364059951848
tfidf_rna,0.001356836530291848
tfidf_d1%27,0.0013393218270844147
tfidf_&su,0.0013089429337249444
tfidf_ernam,0.0012695984200375224
tfidf_7%2,0.0012390539075562887
tfidf_ame,0.0012134667093241969
tfidf_rom,0.001186713662630085
tfidf_=subm,0.0011435547907688855
tfidf_ and ,0.0011025532715473088
tfidf_d%3,0.0010991247344494526
tfidf_%3d%,0.0010769758804325866
tfidf_'/*,0.0010680618268132439
tfidf_27+,0.0010493137654453968
tfidf_=1 ,0.0010160302291002468
tfidf_ern,0.0009611889423751462
tfidf_t=sub,0.0009527200539204868
tfidf_gin,0.0009460536185438618
tfidf_id%,0.00092781336388657
tfidf_ogin,0.0009127423656945263
hash_count,0.0009052743096624991
tfidf_/**/,0.0008934483747839022
tfidf_usern,0.0008903425229794541
tfidf_ and,0.0008802858019393294
tfidf_='a,0.0008623517058981251
tfidf_le_,0.0008622653240418298
tfidf_%28,0.0008599242409595811
tfidf_sern,0.0008518060192756287
tfidf_bmit=,0.000849772591935424
keyword_union,0.0008494167217047572
tfidf_rname,0.0008413468034279153
tfidf_rnam,0.0008327125828237952
tfidf_ers,0.0008317508971182176
tfidf_nd ,0.0008132265657065372
tfidf_nion,0.0008085243308732673
tfidf_ect ,0.0007860217327065642
tfidf_ us,0.0007682900377369814
tfidf_252,0.0007577131343365965
tfidf_%29,0.0007476898323478107
tfidf_%3d1,0.0007434610870308629
tfidf_%27+,0.0007407724331508483
tfidf_ user,0.0007278750430166345
tfidf_%25,0.0007117330630004444
keyword_from,0.0006876357801517066
has_union_select,0.0006850195172964442
tfidf_uni,0.0006804467424535647
tfidf_serna,0.0006792565571519723
tfidf_ use,0.0006676121575274154
tfidf_it=s,0.0006665411890259209
tfidf_-&su,0.0006650172466588504
tfidf_%2f,0.0006643456388770834
parameter_name_count,0.0006637688661525733
tfidf_/**,0.0006628269780568651
tfidf_%27%2,0.000652472043665618
tfidf_lect ,0.0006486300040328701
tfidf_ - ,0.0006089360863293818
number_of_parameters,0.000596537884314308
tfidf_%252,0.0005913534041640404
tfidf_1'/,0.0005852707973345912
semicolon_count,0.0005816744221786482
tfidf_=su,0.0005525102591910526
tfidf_bmit ,0.0005399637040365711
tfidf_ an,0.0005361772790415326
body_length,0.0005302874423902463
tfidf_a%2,0.0005255219880216281
tfidf_2f%2,0.0005074047882578167
tfidf_ser,0.00048593993803827885
tfidf_logi,0.0004649022378467198
tfidf_&pa,0.000460641188170624
tfidf_assw,0.00043457569875033
tfidf_'/**,0.0004244534408319337
tfidf_use,0.0004141404644972187
tfidf_log,0.0004129630852389818
tfidf_%20,0.00041034268834320097
tfidf_f%2a,0.0003993197382371123
tfidf_ord,0.00039783681186045423
tfidf_unio,0.0003875276127738175
tfidf_**/,0.00036554810443560577
tfidf_from,0.0003411495875598541
tfidf_word,0.00034004439536984934
tfidf_+%2,0.0003363113210474405
tfidf_mit=s,0.0003359198507878385
tfidf_29%,0.0003355132900987514
tfidf_ fr,0.0003321919995993717
tfidf_'/**/,0.0003319170651077636
tfidf_pas,0.00032432269970059476
tfidf_asswo,0.00031824125537030154
tfidf_-&s,0.0003143743377575189
tfidf_nion ,0.00029487228807220954
tfidf_sword,0.0002908316177120041
tfidf_3d1,0.0002794189318230093
method_get,0.0002723238490754178
method_post,0.00026854283395420884
tfidf_om ,0.0002678910965246408
tfidf_%2c,0.000259187835631138
param_count_body,0.00025867825793606913
tfidf_-&sub,0.00025804278343825
tfidf_sswor,0.0002568419183164544
tfidf_%2f%2,0.0002485629367066107
tfidf_sswo,0.00023437075708605432
tfidf_2520,0.00022060413529677536
tfidf_ct ,0.00021244482651442727
tfidf_id%3d,0.00021132837112462536
tfidf_ass,0.00020483411858821838
tfidf_ sele,0.00020425969339499895
tfidf_d%2,0.00020281796538630697
tfidf_ssw,0.0002022442948416341
tfidf_2f%2a,0.00019891195967217841
has_sleep,0.00018936579191851388
sql_function_count,0.00018350245729920989
tfidf_ema,0.00018312903714435766
tfidf_ se,0.00018254695676524096
tfidf_%2520,0.00017492404236779834
tfidf_f%2,0.00017112377299328626
tfidf_ --,0.000157633706751742
tfidf_union,0.000146900757498888
tfidf_sers,0.00014657803387513582
tfidf_on ,0.00012852298265854245
tfidf_swo,0.0001201422720754974
path_length,0.00011899835405875717
tfidf_id%3,0.00011614377309639734
double_quote_count,0.00011475035685999145
tfidf_d%3d,0.00011468725408890677
tfidf_%2f%,0.00011263225941167274
tfidf_swor,0.00011237890411533215
tfidf_it ,0.00011091746808666416
tfidf_2f%,0.00010945020272387399
tfidf_able,0.00010832652354973635
tfidf_520,0.00010756049204459172
tfidf_min,0.00010712739397177964
tfidf_dmin,0.00010327653295614712
tfidf_admi,0.00010022182837155816
tfidf_user,9.981499492152095e-05
tfidf_adm,9.84173316435036e-05
keyword_sleep,9.80559484473145e-05
tfidf_ un,9.741719992593401e-05
tfidf_%2a%2,9.726975996466487e-05
tfidf_%09,8.893118720346767e-05
tfidf_(se,8.245900945355607e-05
tfidf_dmi,8.113447974747018e-05
tfidf_ sel,7.905662475822322e-05
tfidf_2a%2a,7.878913765011626e-05
tfidf_1'/*,7.184815706588664e-05
tfidf_%2a,7.153744522724848e-05
tfidf_passw,7.035120947109745e-05
tfidf_abl,6.94449892581853e-05
tfidf_%2b,6.633698819381902e-05
tfidf_f%2a%,6.371303730489719e-05
tfidf_admin,5.885536317375998e-05
tfidf_ unio,5.8178714649986674e-05
tfidf_tabl,5.711512771245804e-05
tfidf_2a%2f,5.5858902605544925e-05
tfidf_users,5.5477943316831356e-05
tfidf_ion ,5.4569262025865766e-05
tfidf_pass,4.610095406675821e-05
tfidf_29%2,4.561922479991556e-05
tfidf_a%2f,3.866252152530581e-05
tfidf_ uni,3.8127065308089824e-05
tfidf_wor,3.7868374041561976e-05
tfidf_ogi,2.8525622573972883e-05
tfidf_ble,2.67686588098357e-05
tfidf_a%2a%,2.5914185854178736e-05
tfidf_%2a%,2.5842571787734e-05
keyword_table,2.5479767451327743e-05
tfidf_8%2,2.4666860362570484e-05
tfidf_on_s,1.929559071706554e-05
tfidf_%29%,1.9041537676392734e-05
tfidf_e_na,1.3934171863169748e-05
tfidf_tab,1.357645537876435e-05
tfidf_a%2a,1.313305936797406e-05
tfidf_2a%,1.3113554990684602e-05
tfidf__na,1.3092715205918689e-05
tfidf_for,1.2827485354609169e-05
tfidf_2a%2,1.2825253310748725e-05
tfidf_e_n,1.2664562224279991e-05
keyword_drop,1.2581802316143915e-05
keyword_version,1.069556621314935e-05
keyword_benchmark,8.90775615004564e-06
tfidf_rmat,7.92958465951511e-06
tfidf__sc,6.572915296476956e-06
tfidf_9%2,5.599209132607122e-06
tfidf__sch,4.955420857165029e-06
tfidf_wher,4.024709794646075e-06
tfidf_rmati,3.5581271273951948e-06
tfidf_able_,3.3036301296306486e-06
tfidf_e_nam,2.6488854337585258e-06
has_ascii,2.4894876617871914e-06
tfidf_fro,8.145564108223685e-07
tfidf_n_s,5.282342931116321e-07
tfidf_che,0.0
tfidf_ble_n,0.0
tfidf_atio,0.0
tfidf_000,0.0
tfidf_ble_,0.0
tfidf_ati,0.0
tfidf__nam,0.0
tfidf__sche,0.0
tfidf__name,0.0
tfidf_schem,0.0
tfidf_(sele,0.0
tfidf_(sel,0.0
keyword_information_schema,0.0
keyword_create,0.0
tfidf_chema,0.0
tfidf_chem,0.0
tfidf_inf,0.0
tfidf_from ,0.0
tfidf_le_n,0.0
tfidf_le_na,0.0
tfidf_ion_s,0.0
tfidf_here,0.0
tfidf_infor,0.0
tfidf_info,0.0
tfidf_ema.,0.0
tfidf_ere,0.0
has_case_when,0.0
has_if_function,0.0
has_information_schema,0.0
has_benchmark,0.0
has_subquery,0.0
tfidf_%29%2,0.0
tfidf_forma,0.0
tfidf_form,0.0
tfidf_her,0.0
tfidf_hema,0.0
tfidf_hem,0.0
tfidf_ion_,0.0
has_system_variable,0.0
tfidf_on_sc,0.0
tfidf_on_,0.0
tfidf_matio,0.0
tfidf_ormat,0.0
tfidf_orma,0.0
tfidf_orm,0.0
tfidf_ from,0.0
tfidf_ fro,0.0
has_error_condition,0.0
has_error_based_pattern,0.0
tfidf_ -- ,0.0
tfidf_nfor,0.0
tfidf_n_sch,0.0
tfidf_n_sc,0.0
tfidf_ma.,0.0
tfidf_rom ,0.0
tfidf_rma,0.0
tfidf_tio,0.0
tfidf_table,0.0
has_substring,0.0
has_exists,0.0
tfidf_tion_,0.0
tfidf_tion,0.0
keyword_where,0.0
has_length,0.0
has_version_function,0.0
has_database_function,0.0
keyword_delete,0.0
keyword_update,0.0
keyword_insert,0.0
keyword_alter,0.0
tfidf_whe,0.0
tfidf_sche,0.0
tfidf_sch,0.0
tfidf_where,0.0
